https://energyplus.net/weather-download/southwest_pacific_wmo_region_5/AUS//AUS_ACT.Canberra.949260_IWEC/ASHRAE_Copyright_and_IWEC_License.txt,https://energyplus.net/weather-download/southwest_pacific_wmo_region_5/AUS//AUS_ACT.Canberra.949260_IWEC/AUS_ACT.Canberra.949260_IWEC.ddy,https://energyplus.net/weather-download/southwest_pacific_wmo_region_5/AUS//AUS_ACT.Canberra.949260_IWEC/AUS_ACT.Canberra.949260_IWEC.epw,https://energyplus.net/weather-download/southwest_pacific_wmo_region_5/AUS//AUS_ACT.Canberra.949260_IWEC/AUS_ACT.Canberra.949260_IWEC.stat,https://energyplus.net/weather-download/southwest_pacific_wmo_region_5/AUS//AUS_ACT.Canberra.949260_IWEC/all
https://energyplus.net/weather-download/southwest_pacific_wmo_region_5/AUS//AUS_ACT.Canberra.Airport.949260_RMY/AUS_ACT.Canberra.Airport.949260_RMY.ddy,https://energyplus.net/weather-download/southwest_pacific_wmo_region_5/AUS//AUS_ACT.Canberra.Airport.949260_RMY/AUS_ACT.Canberra.Airport.949260_RMY.epw,https://energyplus.net/weather-download/southwest_pacific_wmo_region_5/AUS//AUS_ACT.Canberra.Airport.949260_RMY/AUS_ACT.Canberra.Airport.949260_RMY.stat,https://energyplus.net/weather-download/southwest_pacific_wmo_region_5/AUS//AUS_ACT.Canberra.Airport.949260_RMY/all
https://energyplus.net/weather-download/southwest_pacific_wmo_region_5/AUS//AUS_NSW.Armidale.Airport.957730_RMY/AUS_NSW.Armidale.Airport.957730_RMY.ddy,https://energyplus.net/weather-download/southwest_pacific_wmo_region_5/AUS//AUS_NSW.Armidale.Airport.957730_RMY/AUS_NSW.Armidale.Airport.957730_RMY.epw,https://energyplus.net/weather-download/southwest_pacific_wmo_region_5/AUS//AUS_NSW.Armidale.Airport.957730_RMY/AUS_NSW.Armidale.Airport.957730_RMY.stat,https://energyplus.net/weather-download/southwest_pacific_wmo_region_5/AUS//AUS_NSW.Armidale.Airport.957730_RMY/all
https://energyplus.net/weather-download/southwest_pacific_wmo_region_5/AUS//AUS_NSW.Cabramurra.959160_RMY/AUS_NSW.Cabramurra.959160_RMY.ddy,https://energyplus.net/weather-download/southwest_pacific_wmo_region_5/AUS//AUS_NSW.Cabramurra.959160_RMY/AUS_NSW.Cabramurra.959160_RMY.epw,https://energyplus.net/weather-download/southwest_pacific_wmo_region_5/AUS//AUS_NSW.Cabramurra.959160_RMY/AUS_NSW.Cabramurra.959160_RMY.stat,https://energyplus.net/weather-download/southwest_pacific_wmo_region_5/AUS//AUS_NSW.Cabramurra.959160_RMY/all
https://energyplus.net/weather-download/southwest_pacific_wmo_region_5/AUS//AUS_NSW.Cobar.947110_RMY/AUS_NSW.Cobar.947110_RMY.ddy,https://energyplus.net/weather-download/southwest_pacific_wmo_region_5/AUS//AUS_NSW.Cobar.947110_RMY/AUS_NSW.Cobar.947110_RMY.epw,https://energyplus.net/weather-download/southwest_pacific_wmo_region_5/AUS//AUS_NSW.Cobar.947110_RMY/AUS_NSW.Cobar.947110_RMY.stat,https://energyplus.net/weather-download/southwest_pacific_wmo_region_5/AUS//AUS_NSW.Cobar.947110_RMY/all
https://energyplus.net/weather-download/southwest_pacific_wmo_region_5/AUS//AUS_NSW.Coffs.Harbour.947910_RMY/AUS_NSW.Coffs.Harbour.947910_RMY.ddy,https://energyplus.net/weather-download/southwest_pacific_wmo_region_5/AUS//AUS_NSW.Coffs.Harbour.947910_RMY/AUS_NSW.Coffs.Harbour.947910_RMY.epw,https://energyplus.net/weather-download/southwest_pacific_wmo_region_5/AUS//AUS_NSW.Coffs.Harbour.947910_RMY/AUS_NSW.Coffs.Harbour.947910_RMY.stat,https://energyplus.net/weather-download/southwest_pacific_wmo_region_5/AUS//AUS_NSW.Coffs.Harbour.947910_RMY/all
https://energyplus.net/weather-download/southwest_pacific_wmo_region_5/AUS//AUS_NSW.Dubbo.Airport.957190_RMY/AUS_NSW.Dubbo.Airport.957190_RMY.ddy,https://energyplus.net/weather-download/southwest_pacific_wmo_region_5/AUS//AUS_NSW.Dubbo.Airport.957190_RMY/AUS_NSW.Dubbo.Airport.957190_RMY.epw,https://energyplus.net/weather-download/southwest_pacific_wmo_region_5/AUS//AUS_NSW.Dubbo.Airport.957190_RMY/AUS_NSW.Dubbo.Airport.957190_RMY.stat,https://energyplus.net/weather-download/southwest_pacific_wmo_region_5/AUS//AUS_NSW.Dubbo.Airport.957190_RMY/all
https://energyplus.net/weather-download/southwest_pacific_wmo_region_5/AUS//AUS_NSW.Mascot-Sydney.Airport.947670_RMY/AUS_NSW.Mascot-Sydney.Airport.947670_RMY.ddy,https://energyplus.net/weather-download/southwest_pacific_wmo_region_5/AUS//AUS_NSW.Mascot-Sydney.Airport.947670_RMY/AUS_NSW.Mascot-Sydney.Airport.947670_RMY.epw,https://energyplus.net/weather-download/southwest_pacific_wmo_region_5/AUS//AUS_NSW.Mascot-Sydney.Airport.947670_RMY/AUS_NSW.Mascot-Sydney.Airport.947670_RMY.stat,https://energyplus.net/weather-download/southwest_pacific_wmo_region_5/AUS//AUS_NSW.Mascot-Sydney.Airport.947670_RMY/all
https://energyplus.net/weather-download/southwest_pacific_wmo_region_5/AUS//AUS_NSW.Moree.Aero.955270_RMY/AUS_NSW.Moree.Aero.955270_RMY.ddy,https://energyplus.net/weather-download/southwest_pacific_wmo_region_5/AUS//AUS_NSW.Moree.Aero.955270_RMY/AUS_NSW.Moree.Aero.955270_RMY.epw,https://energyplus.net/weather-download/southwest_pacific_wmo_region_5/AUS//AUS_NSW.Moree.Aero.955270_RMY/AUS_NSW.Moree.Aero.955270_RMY.stat,https://energyplus.net/weather-download/southwest_pacific_wmo_region_5/AUS//AUS_NSW.Moree.Aero.955270_RMY/all
https://energyplus.net/weather-download/southwest_pacific_wmo_region_5/AUS//AUS_NSW.Nowra.RAN.Air.Station.947500_RMY/AUS_NSW.Nowra.RAN.Air.Station.947500_RMY.ddy,https://energyplus.net/weather-download/southwest_pacific_wmo_region_5/AUS//AUS_NSW.Nowra.RAN.Air.Station.947500_RMY/AUS_NSW.Nowra.RAN.Air.Station.947500_RMY.epw,https://energyplus.net/weather-download/southwest_pacific_wmo_region_5/AUS//AUS_NSW.Nowra.RAN.Air.Station.947500_RMY/AUS_NSW.Nowra.RAN.Air.Station.947500_RMY.stat,https://energyplus.net/weather-download/southwest_pacific_wmo_region_5/AUS//AUS_NSW.Nowra.RAN.Air.Station.947500_RMY/all
https://energyplus.net/weather-download/southwest_pacific_wmo_region_5/AUS//AUS_NSW.Orange.Airport.957260_RMY/AUS_NSW.Orange.Airport.957260_RMY.ddy,https://energyplus.net/weather-download/southwest_pacific_wmo_region_5/AUS//AUS_NSW.Orange.Airport.957260_RMY/AUS_NSW.Orange.Airport.957260_RMY.epw,https://energyplus.net/weather-download/southwest_pacific_wmo_region_5/AUS//AUS_NSW.Orange.Airport.957260_RMY/AUS_NSW.Orange.Airport.957260_RMY.stat,https://energyplus.net/weather-download/southwest_pacific_wmo_region_5/AUS//AUS_NSW.Orange.Airport.957260_RMY/all
https://energyplus.net/weather-download/southwest_pacific_wmo_region_5/AUS//AUS_NSW.Richmond.RAAF.957530_RMY/AUS_NSW.Richmond.RAAF.957530_RMY.ddy,https://energyplus.net/weather-download/southwest_pacific_wmo_region_5/AUS//AUS_NSW.Richmond.RAAF.957530_RMY/AUS_NSW.Richmond.RAAF.957530_RMY.epw,https://energyplus.net/weather-download/southwest_pacific_wmo_region_5/AUS//AUS_NSW.Richmond.RAAF.957530_RMY/AUS_NSW.Richmond.RAAF.957530_RMY.stat,https://energyplus.net/weather-download/southwest_pacific_wmo_region_5/AUS//AUS_NSW.Richmond.RAAF.957530_RMY/all
https://energyplus.net/weather-download/southwest_pacific_wmo_region_5/AUS//AUS_NSW.Sydney.947670_IWEC/ASHRAE_Copyright_and_IWEC_License.txt,https://energyplus.net/weather-download/southwest_pacific_wmo_region_5/AUS//AUS_NSW.Sydney.947670_IWEC/AUS_NSW.Sydney.947670_IWEC.ddy,https://energyplus.net/weather-download/southwest_pacific_wmo_region_5/AUS//AUS_NSW.Sydney.947670_IWEC/AUS_NSW.Sydney.947670_IWEC.epw,https://energyplus.net/weather-download/southwest_pacific_wmo_region_5/AUS//AUS_NSW.Sydney.947670_IWEC/AUS_NSW.Sydney.947670_IWEC.stat,https://energyplus.net/weather-download/southwest_pacific_wmo_region_5/AUS//AUS_NSW.Sydney.947670_IWEC/all
https://energyplus.net/weather-download/southwest_pacific_wmo_region_5/AUS//AUS_NSW.Sydney.947680_RMY/AUS_NSW.Sydney.947680_RMY.ddy,https://energyplus.net/weather-download/southwest_pacific_wmo_region_5/AUS//AUS_NSW.Sydney.947680_RMY/AUS_NSW.Sydney.947680_RMY.epw,https://energyplus.net/weather-download/southwest_pacific_wmo_region_5/AUS//AUS_NSW.Sydney.947680_RMY/AUS_NSW.Sydney.947680_RMY.stat,https://energyplus.net/weather-download/southwest_pacific_wmo_region_5/AUS//AUS_NSW.Sydney.947680_RMY/all
https://energyplus.net/weather-download/southwest_pacific_wmo_region_5/AUS//AUS_NSW.Thredbo.Village.959080_RMY/AUS_NSW.Thredbo.Village.959080_RMY.ddy,https://energyplus.net/weather-download/southwest_pacific_wmo_region_5/AUS//AUS_NSW.Thredbo.Village.959080_RMY/AUS_NSW.Thredbo.Village.959080_RMY.epw,https://energyplus.net/weather-download/southwest_pacific_wmo_region_5/AUS//AUS_NSW.Thredbo.Village.959080_RMY/AUS_NSW.Thredbo.Village.959080_RMY.stat,https://energyplus.net/weather-download/southwest_pacific_wmo_region_5/AUS//AUS_NSW.Thredbo.Village.959080_RMY/all
https://energyplus.net/weather-download/southwest_pacific_wmo_region_5/AUS//AUS_NSW.Wagga.Wagga.949100_RMY/AUS_NSW.Wagga.Wagga.949100_RMY.ddy,https://energyplus.net/weather-download/southwest_pacific_wmo_region_5/AUS//AUS_NSW.Wagga.Wagga.949100_RMY/AUS_NSW.Wagga.Wagga.949100_RMY.epw,https://energyplus.net/weather-download/southwest_pacific_wmo_region_5/AUS//AUS_NSW.Wagga.Wagga.949100_RMY/AUS_NSW.Wagga.Wagga.949100_RMY.stat,https://energyplus.net/weather-download/southwest_pacific_wmo_region_5/AUS//AUS_NSW.Wagga.Wagga.949100_RMY/all
https://energyplus.net/weather-download/southwest_pacific_wmo_region_5/AUS//AUS_NSW.Williamtown.RAAF.947760_RMY/AUS_NSW.Williamtown.RAAF.947760_RMY.ddy,https://energyplus.net/weather-download/southwest_pacific_wmo_region_5/AUS//AUS_NSW.Williamtown.RAAF.947760_RMY/AUS_NSW.Williamtown.RAAF.947760_RMY.epw,https://energyplus.net/weather-download/southwest_pacific_wmo_region_5/AUS//AUS_NSW.Williamtown.RAAF.947760_RMY/AUS_NSW.Williamtown.RAAF.947760_RMY.stat,https://energyplus.net/weather-download/southwest_pacific_wmo_region_5/AUS//AUS_NSW.Williamtown.RAAF.947760_RMY/all
https://energyplus.net/weather-download/southwest_pacific_wmo_region_5/AUS//AUS_NT.Alice.Springs.Airport.943260_RMY/AUS_NT.Alice.Springs.Airport.943260_RMY.ddy,https://energyplus.net/weather-download/southwest_pacific_wmo_region_5/AUS//AUS_NT.Alice.Springs.Airport.943260_RMY/AUS_NT.Alice.Springs.Airport.943260_RMY.epw,https://energyplus.net/weather-download/southwest_pacific_wmo_region_5/AUS//AUS_NT.Alice.Springs.Airport.943260_RMY/AUS_NT.Alice.Springs.Airport.943260_RMY.stat,https://energyplus.net/weather-download/southwest_pacific_wmo_region_5/AUS//AUS_NT.Alice.Springs.Airport.943260_RMY/all
https://energyplus.net/weather-download/southwest_pacific_wmo_region_5/AUS//AUS_NT.Darwin.941200_IWEC/ASHRAE_Copyright_and_IWEC_License.txt,https://energyplus.net/weather-download/southwest_pacific_wmo_region_5/AUS//AUS_NT.Darwin.941200_IWEC/AUS_NT.Darwin.941200_IWEC.ddy,https://energyplus.net/weather-download/southwest_pacific_wmo_region_5/AUS//AUS_NT.Darwin.941200_IWEC/AUS_NT.Darwin.941200_IWEC.epw,https://energyplus.net/weather-download/southwest_pacific_wmo_region_5/AUS//AUS_NT.Darwin.941200_IWEC/AUS_NT.Darwin.941200_IWEC.stat,https://energyplus.net/weather-download/southwest_pacific_wmo_region_5/AUS//AUS_NT.Darwin.941200_IWEC/all
https://energyplus.net/weather-download/southwest_pacific_wmo_region_5/AUS//AUS_NT.Darwin.Airport.941200_RMY/AUS_NT.Darwin.Airport.941200_RMY.ddy,https://energyplus.net/weather-download/southwest_pacific_wmo_region_5/AUS//AUS_NT.Darwin.Airport.941200_RMY/AUS_NT.Darwin.Airport.941200_RMY.epw,https://energyplus.net/weather-download/southwest_pacific_wmo_region_5/AUS//AUS_NT.Darwin.Airport.941200_RMY/AUS_NT.Darwin.Airport.941200_RMY.stat,https://energyplus.net/weather-download/southwest_pacific_wmo_region_5/AUS//AUS_NT.Darwin.Airport.941200_RMY/all
https://energyplus.net/weather-download/southwest_pacific_wmo_region_5/AUS//AUS_NT.Tennant.Creek.942380_RMY/AUS_NT.Tennant.Creek.942380_RMY.ddy,https://energyplus.net/weather-download/southwest_pacific_wmo_region_5/AUS//AUS_NT.Tennant.Creek.942380_RMY/AUS_NT.Tennant.Creek.942380_RMY.epw,https://energyplus.net/weather-download/southwest_pacific_wmo_region_5/AUS//AUS_NT.Tennant.Creek.942380_RMY/AUS_NT.Tennant.Creek.942380_RMY.stat,https://energyplus.net/weather-download/southwest_pacific_wmo_region_5/AUS//AUS_NT.Tennant.Creek.942380_RMY/all
https://energyplus.net/weather-download/southwest_pacific_wmo_region_5/AUS//AUS_QLD.Amberley.945680_RMY/AUS_QLD.Amberley.945680_RMY.ddy,https://energyplus.net/weather-download/southwest_pacific_wmo_region_5/AUS//AUS_QLD.Amberley.945680_RMY/AUS_QLD.Amberley.945680_RMY.epw,https://energyplus.net/weather-download/southwest_pacific_wmo_region_5/AUS//AUS_QLD.Amberley.945680_RMY/AUS_QLD.Amberley.945680_RMY.stat,https://energyplus.net/weather-download/southwest_pacific_wmo_region_5/AUS//AUS_QLD.Amberley.945680_RMY/all
https://energyplus.net/weather-download/southwest_pacific_wmo_region_5/AUS//AUS_QLD.Brisbane.945780_IWEC/ASHRAE_Copyright_and_IWEC_License.txt,https://energyplus.net/weather-download/southwest_pacific_wmo_region_5/AUS//AUS_QLD.Brisbane.945780_IWEC/AUS_QLD.Brisbane.945780_IWEC.ddy,https://energyplus.net/weather-download/southwest_pacific_wmo_region_5/AUS//AUS_QLD.Brisbane.945780_IWEC/AUS_QLD.Brisbane.945780_IWEC.epw,https://energyplus.net/weather-download/southwest_pacific_wmo_region_5/AUS//AUS_QLD.Brisbane.945780_IWEC/AUS_QLD.Brisbane.945780_IWEC.stat,https://energyplus.net/weather-download/southwest_pacific_wmo_region_5/AUS//AUS_QLD.Brisbane.945780_IWEC/all
https://energyplus.net/weather-download/southwest_pacific_wmo_region_5/AUS//AUS_QLD.Brisbane.94578_RMY/AUS_QLD.Brisbane.94578_RMY.ddy,https://energyplus.net/weather-download/southwest_pacific_wmo_region_5/AUS//AUS_QLD.Brisbane.94578_RMY/AUS_QLD.Brisbane.94578_RMY.epw,https://energyplus.net/weather-download/southwest_pacific_wmo_region_5/AUS//AUS_QLD.Brisbane.94578_RMY/AUS_QLD.Brisbane.94578_RMY.stat,https://energyplus.net/weather-download/southwest_pacific_wmo_region_5/AUS//AUS_QLD.Brisbane.94578_RMY/all
https://energyplus.net/weather-download/southwest_pacific_wmo_region_5/AUS//AUS_QLD.Cairns.Aero.948270_RMY/AUS_QLD.Cairns.Aero.948270_RMY.ddy,https://energyplus.net/weather-download/southwest_pacific_wmo_region_5/AUS//AUS_QLD.Cairns.Aero.948270_RMY/AUS_QLD.Cairns.Aero.948270_RMY.epw,https://energyplus.net/weather-download/southwest_pacific_wmo_region_5/AUS//AUS_QLD.Cairns.Aero.948270_RMY/AUS_QLD.Cairns.Aero.948270_RMY.stat,https://energyplus.net/weather-download/southwest_pacific_wmo_region_5/AUS//AUS_QLD.Cairns.Aero.948270_RMY/all
https://energyplus.net/weather-download/southwest_pacific_wmo_region_5/AUS//AUS_QLD.Charleville.Aero.945100_RMY/AUS_QLD.Charleville.Aero.945100_RMY.ddy,https://energyplus.net/weather-download/southwest_pacific_wmo_region_5/AUS//AUS_QLD.Charleville.Aero.945100_RMY/AUS_QLD.Charleville.Aero.945100_RMY.epw,https://energyplus.net/weather-download/southwest_pacific_wmo_region_5/AUS//AUS_QLD.Charleville.Aero.945100_RMY/AUS_QLD.Charleville.Aero.945100_RMY.stat,https://energyplus.net/weather-download/southwest_pacific_wmo_region_5/AUS//AUS_QLD.Charleville.Aero.945100_RMY/all
https://energyplus.net/weather-download/southwest_pacific_wmo_region_5/AUS//AUS_QLD.Gladstone.Airport.943810_RMY/AUS_QLD.Gladstone.Airport.943810_RMY.ddy,https://energyplus.net/weather-download/southwest_pacific_wmo_region_5/AUS//AUS_QLD.Gladstone.Airport.943810_RMY/AUS_QLD.Gladstone.Airport.943810_RMY.epw,https://energyplus.net/weather-download/southwest_pacific_wmo_region_5/AUS//AUS_QLD.Gladstone.Airport.943810_RMY/AUS_QLD.Gladstone.Airport.943810_RMY.stat,https://energyplus.net/weather-download/southwest_pacific_wmo_region_5/AUS//AUS_QLD.Gladstone.Airport.943810_RMY/all
https://energyplus.net/weather-download/southwest_pacific_wmo_region_5/AUS//AUS_QLD.Longreach.Aero.943460_RMY/AUS_QLD.Longreach.Aero.943460_RMY.ddy,https://energyplus.net/weather-download/southwest_pacific_wmo_region_5/AUS//AUS_QLD.Longreach.Aero.943460_RMY/AUS_QLD.Longreach.Aero.943460_RMY.epw,https://energyplus.net/weather-download/southwest_pacific_wmo_region_5/AUS//AUS_QLD.Longreach.Aero.943460_RMY/AUS_QLD.Longreach.Aero.943460_RMY.stat,https://energyplus.net/weather-download/southwest_pacific_wmo_region_5/AUS//AUS_QLD.Longreach.Aero.943460_RMY/all
https://energyplus.net/weather-download/southwest_pacific_wmo_region_5/AUS//AUS_QLD.Mackay.943670_RMY/AUS_QLD.Mackay.943670_RMY.ddy,https://energyplus.net/weather-download/southwest_pacific_wmo_region_5/AUS//AUS_QLD.Mackay.943670_RMY/AUS_QLD.Mackay.943670_RMY.epw,https://energyplus.net/weather-download/southwest_pacific_wmo_region_5/AUS//AUS_QLD.Mackay.943670_RMY/AUS_QLD.Mackay.943670_RMY.stat,https://energyplus.net/weather-download/southwest_pacific_wmo_region_5/AUS//AUS_QLD.Mackay.943670_RMY/all
https://energyplus.net/weather-download/southwest_pacific_wmo_region_5/AUS//AUS_QLD.Mount.Isa.Aero.943320_RMY/AUS_QLD.Mount.Isa.Aero.943320_RMY.ddy,https://energyplus.net/weather-download/southwest_pacific_wmo_region_5/AUS//AUS_QLD.Mount.Isa.Aero.943320_RMY/AUS_QLD.Mount.Isa.Aero.943320_RMY.epw,https://energyplus.net/weather-download/southwest_pacific_wmo_region_5/AUS//AUS_QLD.Mount.Isa.Aero.943320_RMY/AUS_QLD.Mount.Isa.Aero.943320_RMY.stat,https://energyplus.net/weather-download/southwest_pacific_wmo_region_5/AUS//AUS_QLD.Mount.Isa.Aero.943320_RMY/all
https://energyplus.net/weather-download/southwest_pacific_wmo_region_5/AUS//AUS_QLD.Oakey.Aero.945520_RMY/AUS_QLD.Oakey.Aero.945520_RMY.ddy,https://energyplus.net/weather-download/southwest_pacific_wmo_region_5/AUS//AUS_QLD.Oakey.Aero.945520_RMY/AUS_QLD.Oakey.Aero.945520_RMY.epw,https://energyplus.net/weather-download/southwest_pacific_wmo_region_5/AUS//AUS_QLD.Oakey.Aero.945520_RMY/AUS_QLD.Oakey.Aero.945520_RMY.stat,https://energyplus.net/weather-download/southwest_pacific_wmo_region_5/AUS//AUS_QLD.Oakey.Aero.945520_RMY/all
https://energyplus.net/weather-download/southwest_pacific_wmo_region_5/AUS//AUS_QLD.Rockhampton.Aero.943740_RMY/AUS_QLD.Rockhampton.Aero.943740_RMY.ddy,https://energyplus.net/weather-download/southwest_pacific_wmo_region_5/AUS//AUS_QLD.Rockhampton.Aero.943740_RMY/AUS_QLD.Rockhampton.Aero.943740_RMY.epw,https://energyplus.net/weather-download/southwest_pacific_wmo_region_5/AUS//AUS_QLD.Rockhampton.Aero.943740_RMY/AUS_QLD.Rockhampton.Aero.943740_RMY.stat,https://energyplus.net/weather-download/southwest_pacific_wmo_region_5/AUS//AUS_QLD.Rockhampton.Aero.943740_RMY/all
https://energyplus.net/weather-download/southwest_pacific_wmo_region_5/AUS//AUS_QLD.Townsville.Aero.942940_RMY/AUS_QLD.Townsville.Aero.942940_RMY.ddy,https://energyplus.net/weather-download/southwest_pacific_wmo_region_5/AUS//AUS_QLD.Townsville.Aero.942940_RMY/AUS_QLD.Townsville.Aero.942940_RMY.epw,https://energyplus.net/weather-download/southwest_pacific_wmo_region_5/AUS//AUS_QLD.Townsville.Aero.942940_RMY/AUS_QLD.Townsville.Aero.942940_RMY.stat,https://energyplus.net/weather-download/southwest_pacific_wmo_region_5/AUS//AUS_QLD.Townsville.Aero.942940_RMY/all
https://energyplus.net/weather-download/southwest_pacific_wmo_region_5/AUS//AUS_QLD.Weipa.Aero.941700_RMY/AUS_QLD.Weipa.Aero.941700_RMY.ddy,https://energyplus.net/weather-download/southwest_pacific_wmo_region_5/AUS//AUS_QLD.Weipa.Aero.941700_RMY/AUS_QLD.Weipa.Aero.941700_RMY.epw,https://energyplus.net/weather-download/southwest_pacific_wmo_region_5/AUS//AUS_QLD.Weipa.Aero.941700_RMY/AUS_QLD.Weipa.Aero.941700_RMY.stat,https://energyplus.net/weather-download/southwest_pacific_wmo_region_5/AUS//AUS_QLD.Weipa.Aero.941700_RMY/all
https://energyplus.net/weather-download/southwest_pacific_wmo_region_5/AUS//AUS_QLD.Willis.Island.942990_RMY/AUS_QLD.Willis.Island.942990_RMY.ddy,https://energyplus.net/weather-download/southwest_pacific_wmo_region_5/AUS//AUS_QLD.Willis.Island.942990_RMY/AUS_QLD.Willis.Island.942990_RMY.epw,https://energyplus.net/weather-download/southwest_pacific_wmo_region_5/AUS//AUS_QLD.Willis.Island.942990_RMY/AUS_QLD.Willis.Island.942990_RMY.stat,https://energyplus.net/weather-download/southwest_pacific_wmo_region_5/AUS//AUS_QLD.Willis.Island.942990_RMY/all
https://energyplus.net/weather-download/southwest_pacific_wmo_region_5/AUS//AUS_SA.Adelaide-Kent.Town.946750_RMY/AUS_SA.Adelaide-Kent.Town.946750_RMY.ddy,https://energyplus.net/weather-download/southwest_pacific_wmo_region_5/AUS//AUS_SA.Adelaide-Kent.Town.946750_RMY/AUS_SA.Adelaide-Kent.Town.946750_RMY.epw,https://energyplus.net/weather-download/southwest_pacific_wmo_region_5/AUS//AUS_SA.Adelaide-Kent.Town.946750_RMY/AUS_SA.Adelaide-Kent.Town.946750_RMY.stat,https://energyplus.net/weather-download/southwest_pacific_wmo_region_5/AUS//AUS_SA.Adelaide-Kent.Town.946750_RMY/all
https://energyplus.net/weather-download/southwest_pacific_wmo_region_5/AUS//AUS_SA.Adelaide.946720_IWEC/ASHRAE_Copyright_and_IWEC_License.txt,https://energyplus.net/weather-download/southwest_pacific_wmo_region_5/AUS//AUS_SA.Adelaide.946720_IWEC/AUS_SA.Adelaide.946720_IWEC.ddy,https://energyplus.net/weather-download/southwest_pacific_wmo_region_5/AUS//AUS_SA.Adelaide.946720_IWEC/AUS_SA.Adelaide.946720_IWEC.epw,https://energyplus.net/weather-download/southwest_pacific_wmo_region_5/AUS//AUS_SA.Adelaide.946720_IWEC/AUS_SA.Adelaide.946720_IWEC.stat,https://energyplus.net/weather-download/southwest_pacific_wmo_region_5/AUS//AUS_SA.Adelaide.946720_IWEC/all
https://energyplus.net/weather-download/southwest_pacific_wmo_region_5/AUS//AUS_SA.Ceduna.946530_RMY/AUS_SA.Ceduna.946530_RMY.ddy,https://energyplus.net/weather-download/southwest_pacific_wmo_region_5/AUS//AUS_SA.Ceduna.946530_RMY/AUS_SA.Ceduna.946530_RMY.epw,https://energyplus.net/weather-download/southwest_pacific_wmo_region_5/AUS//AUS_SA.Ceduna.946530_RMY/AUS_SA.Ceduna.946530_RMY.stat,https://energyplus.net/weather-download/southwest_pacific_wmo_region_5/AUS//AUS_SA.Ceduna.946530_RMY/all
https://energyplus.net/weather-download/southwest_pacific_wmo_region_5/AUS//AUS_SA.Mount.Gambier.Aero.948210_RMY/AUS_SA.Mount.Gambier.Aero.948210_RMY.ddy,https://energyplus.net/weather-download/southwest_pacific_wmo_region_5/AUS//AUS_SA.Mount.Gambier.Aero.948210_RMY/AUS_SA.Mount.Gambier.Aero.948210_RMY.epw,https://energyplus.net/weather-download/southwest_pacific_wmo_region_5/AUS//AUS_SA.Mount.Gambier.Aero.948210_RMY/AUS_SA.Mount.Gambier.Aero.948210_RMY.stat,https://energyplus.net/weather-download/southwest_pacific_wmo_region_5/AUS//AUS_SA.Mount.Gambier.Aero.948210_RMY/all
https://energyplus.net/weather-download/southwest_pacific_wmo_region_5/AUS//AUS_SA.Mt.Lofty.946780_RMY/AUS_SA.Mt.Lofty.946780_RMY.ddy,https://energyplus.net/weather-download/southwest_pacific_wmo_region_5/AUS//AUS_SA.Mt.Lofty.946780_RMY/AUS_SA.Mt.Lofty.946780_RMY.epw,https://energyplus.net/weather-download/southwest_pacific_wmo_region_5/AUS//AUS_SA.Mt.Lofty.946780_RMY/AUS_SA.Mt.Lofty.946780_RMY.stat,https://energyplus.net/weather-download/southwest_pacific_wmo_region_5/AUS//AUS_SA.Mt.Lofty.946780_RMY/all
https://energyplus.net/weather-download/southwest_pacific_wmo_region_5/AUS//AUS_SA.Oodnadatta.Airport.944760_RMY/AUS_SA.Oodnadatta.Airport.944760_RMY.ddy,https://energyplus.net/weather-download/southwest_pacific_wmo_region_5/AUS//AUS_SA.Oodnadatta.Airport.944760_RMY/AUS_SA.Oodnadatta.Airport.944760_RMY.epw,https://energyplus.net/weather-download/southwest_pacific_wmo_region_5/AUS//AUS_SA.Oodnadatta.Airport.944760_RMY/AUS_SA.Oodnadatta.Airport.944760_RMY.stat,https://energyplus.net/weather-download/southwest_pacific_wmo_region_5/AUS//AUS_SA.Oodnadatta.Airport.944760_RMY/all
https://energyplus.net/weather-download/southwest_pacific_wmo_region_5/AUS//AUS_SA.Woomera.Aerodrome.946590_RMY/AUS_SA.Woomera.Aerodrome.946590_RMY.ddy,https://energyplus.net/weather-download/southwest_pacific_wmo_region_5/AUS//AUS_SA.Woomera.Aerodrome.946590_RMY/AUS_SA.Woomera.Aerodrome.946590_RMY.epw,https://energyplus.net/weather-download/southwest_pacific_wmo_region_5/AUS//AUS_SA.Woomera.Aerodrome.946590_RMY/AUS_SA.Woomera.Aerodrome.946590_RMY.stat,https://energyplus.net/weather-download/southwest_pacific_wmo_region_5/AUS//AUS_SA.Woomera.Aerodrome.946590_RMY/all
https://energyplus.net/weather-download/southwest_pacific_wmo_region_5/AUS//AUS_TAS.Hobart-Ellerslie.Road.949700_RMY/AUS_TAS.Hobart-Ellerslie.Road.949700_RMY.ddy,https://energyplus.net/weather-download/southwest_pacific_wmo_region_5/AUS//AUS_TAS.Hobart-Ellerslie.Road.949700_RMY/AUS_TAS.Hobart-Ellerslie.Road.949700_RMY.epw,https://energyplus.net/weather-download/southwest_pacific_wmo_region_5/AUS//AUS_TAS.Hobart-Ellerslie.Road.949700_RMY/AUS_TAS.Hobart-Ellerslie.Road.949700_RMY.stat,https://energyplus.net/weather-download/southwest_pacific_wmo_region_5/AUS//AUS_TAS.Hobart-Ellerslie.Road.949700_RMY/all
https://energyplus.net/weather-download/southwest_pacific_wmo_region_5/AUS//AUS_TAS.Launceston-Ti.Tree.Bend.949690_RMY/AUS_TAS.Launceston-Ti.Tree.Bend.949690_RMY.ddy,https://energyplus.net/weather-download/southwest_pacific_wmo_region_5/AUS//AUS_TAS.Launceston-Ti.Tree.Bend.949690_RMY/AUS_TAS.Launceston-Ti.Tree.Bend.949690_RMY.epw,https://energyplus.net/weather-download/southwest_pacific_wmo_region_5/AUS//AUS_TAS.Launceston-Ti.Tree.Bend.949690_RMY/AUS_TAS.Launceston-Ti.Tree.Bend.949690_RMY.stat,https://energyplus.net/weather-download/southwest_pacific_wmo_region_5/AUS//AUS_TAS.Launceston-Ti.Tree.Bend.949690_RMY/all
https://energyplus.net/weather-download/southwest_pacific_wmo_region_5/AUS//AUS_TAS.Launceston.Airport.949680_RMY/AUS_TAS.Launceston.Airport.949680_RMY.ddy,https://energyplus.net/weather-download/southwest_pacific_wmo_region_5/AUS//AUS_TAS.Launceston.Airport.949680_RMY/AUS_TAS.Launceston.Airport.949680_RMY.epw,https://energyplus.net/weather-download/southwest_pacific_wmo_region_5/AUS//AUS_TAS.Launceston.Airport.949680_RMY/AUS_TAS.Launceston.Airport.949680_RMY.stat,https://energyplus.net/weather-download/southwest_pacific_wmo_region_5/AUS//AUS_TAS.Launceston.Airport.949680_RMY/all
https://energyplus.net/weather-download/southwest_pacific_wmo_region_5/AUS//AUS_TAS.Low.Head.959640_RMY/AUS_TAS.Low.Head.959640_RMY.ddy,https://energyplus.net/weather-download/southwest_pacific_wmo_region_5/AUS//AUS_TAS.Low.Head.959640_RMY/AUS_TAS.Low.Head.959640_RMY.epw,https://energyplus.net/weather-download/southwest_pacific_wmo_region_5/AUS//AUS_TAS.Low.Head.959640_RMY/AUS_TAS.Low.Head.959640_RMY.stat,https://energyplus.net/weather-download/southwest_pacific_wmo_region_5/AUS//AUS_TAS.Low.Head.959640_RMY/all
https://energyplus.net/weather-download/southwest_pacific_wmo_region_5/AUS//AUS_VIC.Ballarat.Aerodrome.948520_RMY/AUS_VIC.Ballarat.Aerodrome.948520_RMY.ddy,https://energyplus.net/weather-download/southwest_pacific_wmo_region_5/AUS//AUS_VIC.Ballarat.Aerodrome.948520_RMY/AUS_VIC.Ballarat.Aerodrome.948520_RMY.epw,https://energyplus.net/weather-download/southwest_pacific_wmo_region_5/AUS//AUS_VIC.Ballarat.Aerodrome.948520_RMY/AUS_VIC.Ballarat.Aerodrome.948520_RMY.stat,https://energyplus.net/weather-download/southwest_pacific_wmo_region_5/AUS//AUS_VIC.Ballarat.Aerodrome.948520_RMY/all
https://energyplus.net/weather-download/southwest_pacific_wmo_region_5/AUS//AUS_VIC.Cape.Otway.Lighthouse.948420_RMY/AUS_VIC.Cape.Otway.Lighthouse.948420_RMY.ddy,https://energyplus.net/weather-download/southwest_pacific_wmo_region_5/AUS//AUS_VIC.Cape.Otway.Lighthouse.948420_RMY/AUS_VIC.Cape.Otway.Lighthouse.948420_RMY.epw,https://energyplus.net/weather-download/southwest_pacific_wmo_region_5/AUS//AUS_VIC.Cape.Otway.Lighthouse.948420_RMY/AUS_VIC.Cape.Otway.Lighthouse.948420_RMY.stat,https://energyplus.net/weather-download/southwest_pacific_wmo_region_5/AUS//AUS_VIC.Cape.Otway.Lighthouse.948420_RMY/all
https://energyplus.net/weather-download/southwest_pacific_wmo_region_5/AUS//AUS_VIC.East.Sale.Airport.949070_RMY/AUS_VIC.East.Sale.Airport.949070_RMY.ddy,https://energyplus.net/weather-download/southwest_pacific_wmo_region_5/AUS//AUS_VIC.East.Sale.Airport.949070_RMY/AUS_VIC.East.Sale.Airport.949070_RMY.epw,https://energyplus.net/weather-download/southwest_pacific_wmo_region_5/AUS//AUS_VIC.East.Sale.Airport.949070_RMY/AUS_VIC.East.Sale.Airport.949070_RMY.stat,https://energyplus.net/weather-download/southwest_pacific_wmo_region_5/AUS//AUS_VIC.East.Sale.Airport.949070_RMY/all
https://energyplus.net/weather-download/southwest_pacific_wmo_region_5/AUS//AUS_VIC.Melbourne.948660_IWEC/ASHRAE_Copyright_and_IWEC_License.txt,https://energyplus.net/weather-download/southwest_pacific_wmo_region_5/AUS//AUS_VIC.Melbourne.948660_IWEC/AUS_VIC.Melbourne.948660_IWEC.ddy,https://energyplus.net/weather-download/southwest_pacific_wmo_region_5/AUS//AUS_VIC.Melbourne.948660_IWEC/AUS_VIC.Melbourne.948660_IWEC.epw,https://energyplus.net/weather-download/southwest_pacific_wmo_region_5/AUS//AUS_VIC.Melbourne.948660_IWEC/AUS_VIC.Melbourne.948660_IWEC.stat,https://energyplus.net/weather-download/southwest_pacific_wmo_region_5/AUS//AUS_VIC.Melbourne.948660_IWEC/all
https://energyplus.net/weather-download/southwest_pacific_wmo_region_5/AUS//AUS_VIC.Melbourne.948680_RMY/AUS_VIC.Melbourne.948680_RMY.ddy,https://energyplus.net/weather-download/southwest_pacific_wmo_region_5/AUS//AUS_VIC.Melbourne.948680_RMY/AUS_VIC.Melbourne.948680_RMY.epw,https://energyplus.net/weather-download/southwest_pacific_wmo_region_5/AUS//AUS_VIC.Melbourne.948680_RMY/AUS_VIC.Melbourne.948680_RMY.stat,https://energyplus.net/weather-download/southwest_pacific_wmo_region_5/AUS//AUS_VIC.Melbourne.948680_RMY/all
https://energyplus.net/weather-download/southwest_pacific_wmo_region_5/AUS//AUS_VIC.Mildura.Airport.946930_RMY/AUS_VIC.Mildura.Airport.946930_RMY.ddy,https://energyplus.net/weather-download/southwest_pacific_wmo_region_5/AUS//AUS_VIC.Mildura.Airport.946930_RMY/AUS_VIC.Mildura.Airport.946930_RMY.epw,https://energyplus.net/weather-download/southwest_pacific_wmo_region_5/AUS//AUS_VIC.Mildura.Airport.946930_RMY/AUS_VIC.Mildura.Airport.946930_RMY.stat,https://energyplus.net/weather-download/southwest_pacific_wmo_region_5/AUS//AUS_VIC.Mildura.Airport.946930_RMY/all
https://energyplus.net/weather-download/southwest_pacific_wmo_region_5/AUS//AUS_VIC.Moorabbin.Airport.948700_RMY/AUS_VIC.Moorabbin.Airport.948700_RMY.ddy,https://energyplus.net/weather-download/southwest_pacific_wmo_region_5/AUS//AUS_VIC.Moorabbin.Airport.948700_RMY/AUS_VIC.Moorabbin.Airport.948700_RMY.epw,https://energyplus.net/weather-download/southwest_pacific_wmo_region_5/AUS//AUS_VIC.Moorabbin.Airport.948700_RMY/AUS_VIC.Moorabbin.Airport.948700_RMY.stat,https://energyplus.net/weather-download/southwest_pacific_wmo_region_5/AUS//AUS_VIC.Moorabbin.Airport.948700_RMY/all
https://energyplus.net/weather-download/southwest_pacific_wmo_region_5/AUS//AUS_VIC.Tullamarine-Melbourne.Airport.948660_RMY/AUS_VIC.Tullamarine-Melbourne.Airport.948660_RMY.ddy,https://energyplus.net/weather-download/southwest_pacific_wmo_region_5/AUS//AUS_VIC.Tullamarine-Melbourne.Airport.948660_RMY/AUS_VIC.Tullamarine-Melbourne.Airport.948660_RMY.epw,https://energyplus.net/weather-download/southwest_pacific_wmo_region_5/AUS//AUS_VIC.Tullamarine-Melbourne.Airport.948660_RMY/AUS_VIC.Tullamarine-Melbourne.Airport.948660_RMY.stat,https://energyplus.net/weather-download/southwest_pacific_wmo_region_5/AUS//AUS_VIC.Tullamarine-Melbourne.Airport.948660_RMY/all
https://energyplus.net/weather-download/southwest_pacific_wmo_region_5/AUS//AUS_VIC.Warrnambool.Airport.948370_RMY/AUS_VIC.Warrnambool.Airport.948370_RMY.ddy,https://energyplus.net/weather-download/southwest_pacific_wmo_region_5/AUS//AUS_VIC.Warrnambool.Airport.948370_RMY/AUS_VIC.Warrnambool.Airport.948370_RMY.epw,https://energyplus.net/weather-download/southwest_pacific_wmo_region_5/AUS//AUS_VIC.Warrnambool.Airport.948370_RMY/AUS_VIC.Warrnambool.Airport.948370_RMY.stat,https://energyplus.net/weather-download/southwest_pacific_wmo_region_5/AUS//AUS_VIC.Warrnambool.Airport.948370_RMY/all
https://energyplus.net/weather-download/southwest_pacific_wmo_region_5/AUS//AUS_WA.Albany.Airport.948020_RMY/AUS_WA.Albany.Airport.948020_RMY.ddy,https://energyplus.net/weather-download/southwest_pacific_wmo_region_5/AUS//AUS_WA.Albany.Airport.948020_RMY/AUS_WA.Albany.Airport.948020_RMY.epw,https://energyplus.net/weather-download/southwest_pacific_wmo_region_5/AUS//AUS_WA.Albany.Airport.948020_RMY/AUS_WA.Albany.Airport.948020_RMY.stat,https://energyplus.net/weather-download/southwest_pacific_wmo_region_5/AUS//AUS_WA.Albany.Airport.948020_RMY/all
https://energyplus.net/weather-download/southwest_pacific_wmo_region_5/AUS//AUS_WA.Broome.Airport.942030_RMY/AUS_WA.Broome.Airport.942030_RMY.ddy,https://energyplus.net/weather-download/southwest_pacific_wmo_region_5/AUS//AUS_WA.Broome.Airport.942030_RMY/AUS_WA.Broome.Airport.942030_RMY.epw,https://energyplus.net/weather-download/southwest_pacific_wmo_region_5/AUS//AUS_WA.Broome.Airport.942030_RMY/AUS_WA.Broome.Airport.942030_RMY.stat,https://energyplus.net/weather-download/southwest_pacific_wmo_region_5/AUS//AUS_WA.Broome.Airport.942030_RMY/all
https://energyplus.net/weather-download/southwest_pacific_wmo_region_5/AUS//AUS_WA.Carnarvon.Airport.943000_RMY/AUS_WA.Carnarvon.Airport.943000_RMY.ddy,https://energyplus.net/weather-download/southwest_pacific_wmo_region_5/AUS//AUS_WA.Carnarvon.Airport.943000_RMY/AUS_WA.Carnarvon.Airport.943000_RMY.epw,https://energyplus.net/weather-download/southwest_pacific_wmo_region_5/AUS//AUS_WA.Carnarvon.Airport.943000_RMY/AUS_WA.Carnarvon.Airport.943000_RMY.stat,https://energyplus.net/weather-download/southwest_pacific_wmo_region_5/AUS//AUS_WA.Carnarvon.Airport.943000_RMY/all
https://energyplus.net/weather-download/southwest_pacific_wmo_region_5/AUS//AUS_WA.Esperance.946380_RMY/AUS_WA.Esperance.946380_RMY.ddy,https://energyplus.net/weather-download/southwest_pacific_wmo_region_5/AUS//AUS_WA.Esperance.946380_RMY/AUS_WA.Esperance.946380_RMY.epw,https://energyplus.net/weather-download/southwest_pacific_wmo_region_5/AUS//AUS_WA.Esperance.946380_RMY/AUS_WA.Esperance.946380_RMY.stat,https://energyplus.net/weather-download/southwest_pacific_wmo_region_5/AUS//AUS_WA.Esperance.946380_RMY/all
https://energyplus.net/weather-download/southwest_pacific_wmo_region_5/AUS//AUS_WA.Forrest.956460_RMY/AUS_WA.Forrest.956460_RMY.ddy,https://energyplus.net/weather-download/southwest_pacific_wmo_region_5/AUS//AUS_WA.Forrest.956460_RMY/AUS_WA.Forrest.956460_RMY.epw,https://energyplus.net/weather-download/southwest_pacific_wmo_region_5/AUS//AUS_WA.Forrest.956460_RMY/AUS_WA.Forrest.956460_RMY.stat,https://energyplus.net/weather-download/southwest_pacific_wmo_region_5/AUS//AUS_WA.Forrest.956460_RMY/all
https://energyplus.net/weather-download/southwest_pacific_wmo_region_5/AUS//AUS_WA.Geraldton.Airport.944030_RMY/AUS_WA.Geraldton.Airport.944030_RMY.ddy,https://energyplus.net/weather-download/southwest_pacific_wmo_region_5/AUS//AUS_WA.Geraldton.Airport.944030_RMY/AUS_WA.Geraldton.Airport.944030_RMY.epw,https://energyplus.net/weather-download/southwest_pacific_wmo_region_5/AUS//AUS_WA.Geraldton.Airport.944030_RMY/AUS_WA.Geraldton.Airport.944030_RMY.stat,https://energyplus.net/weather-download/southwest_pacific_wmo_region_5/AUS//AUS_WA.Geraldton.Airport.944030_RMY/all
https://energyplus.net/weather-download/southwest_pacific_wmo_region_5/AUS//AUS_WA.Giles.94461_RMY/AUS_WA.Giles.94461_RMY.ddy,https://energyplus.net/weather-download/southwest_pacific_wmo_region_5/AUS//AUS_WA.Giles.94461_RMY/AUS_WA.Giles.94461_RMY.epw,https://energyplus.net/weather-download/southwest_pacific_wmo_region_5/AUS//AUS_WA.Giles.94461_RMY/AUS_WA.Giles.94461_RMY.stat,https://energyplus.net/weather-download/southwest_pacific_wmo_region_5/AUS//AUS_WA.Giles.94461_RMY/all
https://energyplus.net/weather-download/southwest_pacific_wmo_region_5/AUS//AUS_WA.Halls.Creek.Airport.942120_RMY/AUS_WA.Halls.Creek.Airport.942120_RMY.ddy,https://energyplus.net/weather-download/southwest_pacific_wmo_region_5/AUS//AUS_WA.Halls.Creek.Airport.942120_RMY/AUS_WA.Halls.Creek.Airport.942120_RMY.epw,https://energyplus.net/weather-download/southwest_pacific_wmo_region_5/AUS//AUS_WA.Halls.Creek.Airport.942120_RMY/AUS_WA.Halls.Creek.Airport.942120_RMY.stat,https://energyplus.net/weather-download/southwest_pacific_wmo_region_5/AUS//AUS_WA.Halls.Creek.Airport.942120_RMY/all
https://energyplus.net/weather-download/southwest_pacific_wmo_region_5/AUS//AUS_WA.Kalamunda-Bickley.956100_RMY/AUS_WA.Kalamunda-Bickley.956100_RMY.ddy,https://energyplus.net/weather-download/southwest_pacific_wmo_region_5/AUS//AUS_WA.Kalamunda-Bickley.956100_RMY/AUS_WA.Kalamunda-Bickley.956100_RMY.epw,https://energyplus.net/weather-download/southwest_pacific_wmo_region_5/AUS//AUS_WA.Kalamunda-Bickley.956100_RMY/AUS_WA.Kalamunda-Bickley.956100_RMY.stat,https://energyplus.net/weather-download/southwest_pacific_wmo_region_5/AUS//AUS_WA.Kalamunda-Bickley.956100_RMY/all
https://energyplus.net/weather-download/southwest_pacific_wmo_region_5/AUS//AUS_WA.Kalgoorlie-Boulder.Airport.946370_RMY/AUS_WA.Kalgoorlie-Boulder.Airport.946370_RMY.ddy,https://energyplus.net/weather-download/southwest_pacific_wmo_region_5/AUS//AUS_WA.Kalgoorlie-Boulder.Airport.946370_RMY/AUS_WA.Kalgoorlie-Boulder.Airport.946370_RMY.epw,https://energyplus.net/weather-download/southwest_pacific_wmo_region_5/AUS//AUS_WA.Kalgoorlie-Boulder.Airport.946370_RMY/AUS_WA.Kalgoorlie-Boulder.Airport.946370_RMY.stat,https://energyplus.net/weather-download/southwest_pacific_wmo_region_5/AUS//AUS_WA.Kalgoorlie-Boulder.Airport.946370_RMY/all
https://energyplus.net/weather-download/southwest_pacific_wmo_region_5/AUS//AUS_WA.Katanning.946410_RMY/AUS_WA.Katanning.946410_RMY.ddy,https://energyplus.net/weather-download/southwest_pacific_wmo_region_5/AUS//AUS_WA.Katanning.946410_RMY/AUS_WA.Katanning.946410_RMY.epw,https://energyplus.net/weather-download/southwest_pacific_wmo_region_5/AUS//AUS_WA.Katanning.946410_RMY/AUS_WA.Katanning.946410_RMY.stat,https://energyplus.net/weather-download/southwest_pacific_wmo_region_5/AUS//AUS_WA.Katanning.946410_RMY/all
https://energyplus.net/weather-download/southwest_pacific_wmo_region_5/AUS//AUS_WA.Learmonth.943020_IWEC/ASHRAE_Copyright_and_IWEC_License.txt,https://energyplus.net/weather-download/southwest_pacific_wmo_region_5/AUS//AUS_WA.Learmonth.943020_IWEC/AUS_WA.Learmonth.943020_IWEC.ddy,https://energyplus.net/weather-download/southwest_pacific_wmo_region_5/AUS//AUS_WA.Learmonth.943020_IWEC/AUS_WA.Learmonth.943020_IWEC.epw,https://energyplus.net/weather-download/southwest_pacific_wmo_region_5/AUS//AUS_WA.Learmonth.943020_IWEC/AUS_WA.Learmonth.943020_IWEC.stat,https://energyplus.net/weather-download/southwest_pacific_wmo_region_5/AUS//AUS_WA.Learmonth.943020_IWEC/all
https://energyplus.net/weather-download/southwest_pacific_wmo_region_5/AUS//AUS_WA.Learmonth.Airport.943020_RMY/AUS_WA.Learmonth.Airport.943020_RMY.ddy,https://energyplus.net/weather-download/southwest_pacific_wmo_region_5/AUS//AUS_WA.Learmonth.Airport.943020_RMY/AUS_WA.Learmonth.Airport.943020_RMY.epw,https://energyplus.net/weather-download/southwest_pacific_wmo_region_5/AUS//AUS_WA.Learmonth.Airport.943020_RMY/AUS_WA.Learmonth.Airport.943020_RMY.stat,https://energyplus.net/weather-download/southwest_pacific_wmo_region_5/AUS//AUS_WA.Learmonth.Airport.943020_RMY/all
https://energyplus.net/weather-download/southwest_pacific_wmo_region_5/AUS//AUS_WA.Mandurah.946050_RMY/AUS_WA.Mandurah.946050_RMY.ddy,https://energyplus.net/weather-download/southwest_pacific_wmo_region_5/AUS//AUS_WA.Mandurah.946050_RMY/AUS_WA.Mandurah.946050_RMY.epw,https://energyplus.net/weather-download/southwest_pacific_wmo_region_5/AUS//AUS_WA.Mandurah.946050_RMY/AUS_WA.Mandurah.946050_RMY.stat,https://energyplus.net/weather-download/southwest_pacific_wmo_region_5/AUS//AUS_WA.Mandurah.946050_RMY/all
https://energyplus.net/weather-download/southwest_pacific_wmo_region_5/AUS//AUS_WA.Manjimup.946170_RMY/AUS_WA.Manjimup.946170_RMY.ddy,https://energyplus.net/weather-download/southwest_pacific_wmo_region_5/AUS//AUS_WA.Manjimup.946170_RMY/AUS_WA.Manjimup.946170_RMY.epw,https://energyplus.net/weather-download/southwest_pacific_wmo_region_5/AUS//AUS_WA.Manjimup.946170_RMY/AUS_WA.Manjimup.946170_RMY.stat,https://energyplus.net/weather-download/southwest_pacific_wmo_region_5/AUS//AUS_WA.Manjimup.946170_RMY/all
https://energyplus.net/weather-download/southwest_pacific_wmo_region_5/AUS//AUS_WA.Meekatharra.Airport.944300_RMY/AUS_WA.Meekatharra.Airport.944300_RMY.ddy,https://energyplus.net/weather-download/southwest_pacific_wmo_region_5/AUS//AUS_WA.Meekatharra.Airport.944300_RMY/AUS_WA.Meekatharra.Airport.944300_RMY.epw,https://energyplus.net/weather-download/southwest_pacific_wmo_region_5/AUS//AUS_WA.Meekatharra.Airport.944300_RMY/AUS_WA.Meekatharra.Airport.944300_RMY.stat,https://energyplus.net/weather-download/southwest_pacific_wmo_region_5/AUS//AUS_WA.Meekatharra.Airport.944300_RMY/all
https://energyplus.net/weather-download/southwest_pacific_wmo_region_5/AUS//AUS_WA.Newman.Airport.943170_RMY/AUS_WA.Newman.Airport.943170_RMY.ddy,https://energyplus.net/weather-download/southwest_pacific_wmo_region_5/AUS//AUS_WA.Newman.Airport.943170_RMY/AUS_WA.Newman.Airport.943170_RMY.epw,https://energyplus.net/weather-download/southwest_pacific_wmo_region_5/AUS//AUS_WA.Newman.Airport.943170_RMY/AUS_WA.Newman.Airport.943170_RMY.stat,https://energyplus.net/weather-download/southwest_pacific_wmo_region_5/AUS//AUS_WA.Newman.Airport.943170_RMY/all
https://energyplus.net/weather-download/southwest_pacific_wmo_region_5/AUS//AUS_WA.Perth.946100_IWEC/ASHRAE_Copyright_and_IWEC_License.txt,https://energyplus.net/weather-download/southwest_pacific_wmo_region_5/AUS//AUS_WA.Perth.946100_IWEC/AUS_WA.Perth.946100_IWEC.ddy,https://energyplus.net/weather-download/southwest_pacific_wmo_region_5/AUS//AUS_WA.Perth.946100_IWEC/AUS_WA.Perth.946100_IWEC.epw,https://energyplus.net/weather-download/southwest_pacific_wmo_region_5/AUS//AUS_WA.Perth.946100_IWEC/AUS_WA.Perth.946100_IWEC.stat,https://energyplus.net/weather-download/southwest_pacific_wmo_region_5/AUS//AUS_WA.Perth.946100_IWEC/all
https://energyplus.net/weather-download/southwest_pacific_wmo_region_5/AUS//AUS_WA.Perth.Airport.946100_RMY/AUS_WA.Perth.Airport.946100_RMY.ddy,https://energyplus.net/weather-download/southwest_pacific_wmo_region_5/AUS//AUS_WA.Perth.Airport.946100_RMY/AUS_WA.Perth.Airport.946100_RMY.epw,https://energyplus.net/weather-download/southwest_pacific_wmo_region_5/AUS//AUS_WA.Perth.Airport.946100_RMY/AUS_WA.Perth.Airport.946100_RMY.stat,https://energyplus.net/weather-download/southwest_pacific_wmo_region_5/AUS//AUS_WA.Perth.Airport.946100_RMY/all
https://energyplus.net/weather-download/southwest_pacific_wmo_region_5/AUS//AUS_WA.Port.Hedland.943120_IWEC/ASHRAE_Copyright_and_IWEC_License.txt,https://energyplus.net/weather-download/southwest_pacific_wmo_region_5/AUS//AUS_WA.Port.Hedland.943120_IWEC/AUS_WA.Port.Hedland.943120_IWEC.ddy,https://energyplus.net/weather-download/southwest_pacific_wmo_region_5/AUS//AUS_WA.Port.Hedland.943120_IWEC/AUS_WA.Port.Hedland.943120_IWEC.epw,https://energyplus.net/weather-download/southwest_pacific_wmo_region_5/AUS//AUS_WA.Port.Hedland.943120_IWEC/AUS_WA.Port.Hedland.943120_IWEC.stat,https://energyplus.net/weather-download/southwest_pacific_wmo_region_5/AUS//AUS_WA.Port.Hedland.943120_IWEC/all
https://energyplus.net/weather-download/southwest_pacific_wmo_region_5/AUS//AUS_WA.Port.Hedland.Airport.943120_RMY/AUS_WA.Port.Hedland.Airport.943120_RMY.ddy,https://energyplus.net/weather-download/southwest_pacific_wmo_region_5/AUS//AUS_WA.Port.Hedland.Airport.943120_RMY/AUS_WA.Port.Hedland.Airport.943120_RMY.epw,https://energyplus.net/weather-download/southwest_pacific_wmo_region_5/AUS//AUS_WA.Port.Hedland.Airport.943120_RMY/AUS_WA.Port.Hedland.Airport.943120_RMY.stat,https://energyplus.net/weather-download/southwest_pacific_wmo_region_5/AUS//AUS_WA.Port.Hedland.Airport.943120_RMY/all
https://energyplus.net/weather-download/southwest_pacific_wmo_region_5/AUS//AUS_WA.Swanbourne.946140_RMY/AUS_WA.Swanbourne.946140_RMY.ddy,https://energyplus.net/weather-download/southwest_pacific_wmo_region_5/AUS//AUS_WA.Swanbourne.946140_RMY/AUS_WA.Swanbourne.946140_RMY.epw,https://energyplus.net/weather-download/southwest_pacific_wmo_region_5/AUS//AUS_WA.Swanbourne.946140_RMY/AUS_WA.Swanbourne.946140_RMY.stat,https://energyplus.net/weather-download/southwest_pacific_wmo_region_5/AUS//AUS_WA.Swanbourne.946140_RMY/all
https://energyplus.net/weather-download/southwest_pacific_wmo_region_5/AUS//AUS_WA.Wyndham.942140_RMY/AUS_WA.Wyndham.942140_RMY.ddy,https://energyplus.net/weather-download/southwest_pacific_wmo_region_5/AUS//AUS_WA.Wyndham.942140_RMY/AUS_WA.Wyndham.942140_RMY.epw,https://energyplus.net/weather-download/southwest_pacific_wmo_region_5/AUS//AUS_WA.Wyndham.942140_RMY/AUS_WA.Wyndham.942140_RMY.stat,https://energyplus.net/weather-download/southwest_pacific_wmo_region_5/AUS//AUS_WA.Wyndham.942140_RMY/all
https://energyplus.net/weather-download/southwest_pacific_wmo_region_5/BRN//BRN_Bandar.Seri.Begawan.963150_IWEC/ASHRAE_Copyright_and_IWEC_License.txt,https://energyplus.net/weather-download/southwest_pacific_wmo_region_5/BRN//BRN_Bandar.Seri.Begawan.963150_IWEC/BRN_Bandar.Seri.Begawan.963150_IWEC.ddy,https://energyplus.net/weather-download/southwest_pacific_wmo_region_5/BRN//BRN_Bandar.Seri.Begawan.963150_IWEC/BRN_Bandar.Seri.Begawan.963150_IWEC.epw,https://energyplus.net/weather-download/southwest_pacific_wmo_region_5/BRN//BRN_Bandar.Seri.Begawan.963150_IWEC/BRN_Bandar.Seri.Begawan.963150_IWEC.stat,https://energyplus.net/weather-download/southwest_pacific_wmo_region_5/BRN//BRN_Bandar.Seri.Begawan.963150_IWEC/all
https://energyplus.net/weather-download/southwest_pacific_wmo_region_5/FJI//FJI_Nadi.916800_IWEC/ASHRAE_Copyright_and_IWEC_License.txt,https://energyplus.net/weather-download/southwest_pacific_wmo_region_5/FJI//FJI_Nadi.916800_IWEC/FJI_Nadi.916800_IWEC.ddy,https://energyplus.net/weather-download/southwest_pacific_wmo_region_5/FJI//FJI_Nadi.916800_IWEC/FJI_Nadi.916800_IWEC.epw,https://energyplus.net/weather-download/southwest_pacific_wmo_region_5/FJI//FJI_Nadi.916800_IWEC/FJI_Nadi.916800_IWEC.stat,https://energyplus.net/weather-download/southwest_pacific_wmo_region_5/FJI//FJI_Nadi.916800_IWEC/all
https://energyplus.net/weather-download/southwest_pacific_wmo_region_5/GUM//GUM_Andersen.AFB.912180_TMY3/GUM_Andersen.AFB.912180_TMY3.ddy,https://energyplus.net/weather-download/southwest_pacific_wmo_region_5/GUM//GUM_Andersen.AFB.912180_TMY3/GUM_Andersen.AFB.912180_TMY3.epw,https://energyplus.net/weather-download/southwest_pacific_wmo_region_5/GUM//GUM_Andersen.AFB.912180_TMY3/GUM_Andersen.AFB.912180_TMY3.stat,https://energyplus.net/weather-download/southwest_pacific_wmo_region_5/GUM//GUM_Andersen.AFB.912180_TMY3/all
https://energyplus.net/weather-download/southwest_pacific_wmo_region_5/GUM//GUM_Anderson.AFB.912180_TMY2/GUM_Anderson.AFB.912180_TMY2.ddy,https://energyplus.net/weather-download/southwest_pacific_wmo_region_5/GUM//GUM_Anderson.AFB.912180_TMY2/GUM_Anderson.AFB.912180_TMY2.epw,https://energyplus.net/weather-download/southwest_pacific_wmo_region_5/GUM//GUM_Anderson.AFB.912180_TMY2/GUM_Anderson.AFB.912180_TMY2.stat,https://energyplus.net/weather-download/southwest_pacific_wmo_region_5/GUM//GUM_Anderson.AFB.912180_TMY2/all
https://energyplus.net/weather-download/southwest_pacific_wmo_region_5/GUM//GUM_Tamuning-Won.Pat.Intl.AP.912120_TMY3/GUM_Tamuning-Won.Pat.Intl.AP.912120_TMY3.ddy,https://energyplus.net/weather-download/southwest_pacific_wmo_region_5/GUM//GUM_Tamuning-Won.Pat.Intl.AP.912120_TMY3/GUM_Tamuning-Won.Pat.Intl.AP.912120_TMY3.epw,https://energyplus.net/weather-download/southwest_pacific_wmo_region_5/GUM//GUM_Tamuning-Won.Pat.Intl.AP.912120_TMY3/GUM_Tamuning-Won.Pat.Intl.AP.912120_TMY3.stat,https://energyplus.net/weather-download/southwest_pacific_wmo_region_5/GUM//GUM_Tamuning-Won.Pat.Intl.AP.912120_TMY3/all
https://energyplus.net/weather-download/southwest_pacific_wmo_region_5/MHL//MHL_Kwajalein.Atoll.913660_TMY/MHL_Kwajalein.Atoll.913660_TMY.ddy,https://energyplus.net/weather-download/southwest_pacific_wmo_region_5/MHL//MHL_Kwajalein.Atoll.913660_TMY/MHL_Kwajalein.Atoll.913660_TMY.epw,https://energyplus.net/weather-download/southwest_pacific_wmo_region_5/MHL//MHL_Kwajalein.Atoll.913660_TMY/MHL_Kwajalein.Atoll.913660_TMY.stat,https://energyplus.net/weather-download/southwest_pacific_wmo_region_5/MHL//MHL_Kwajalein.Atoll.913660_TMY/all
https://energyplus.net/weather-download/southwest_pacific_wmo_region_5/MYS//MYS_George.Town.486010_IWEC/ASHRAE_Copyright_and_IWEC_License.txt,https://energyplus.net/weather-download/southwest_pacific_wmo_region_5/MYS//MYS_George.Town.486010_IWEC/MYS_George.Town.486010_IWEC.ddy,https://energyplus.net/weather-download/southwest_pacific_wmo_region_5/MYS//MYS_George.Town.486010_IWEC/MYS_George.Town.486010_IWEC.epw,https://energyplus.net/weather-download/southwest_pacific_wmo_region_5/MYS//MYS_George.Town.486010_IWEC/MYS_George.Town.486010_IWEC.stat,https://energyplus.net/weather-download/southwest_pacific_wmo_region_5/MYS//MYS_George.Town.486010_IWEC/all
https://energyplus.net/weather-download/southwest_pacific_wmo_region_5/MYS//MYS_Kota.Baharu.486150_IWEC/ASHRAE_Copyright_and_IWEC_License.txt,https://energyplus.net/weather-download/southwest_pacific_wmo_region_5/MYS//MYS_Kota.Baharu.486150_IWEC/MYS_Kota.Baharu.486150_IWEC.ddy,https://energyplus.net/weather-download/southwest_pacific_wmo_region_5/MYS//MYS_Kota.Baharu.486150_IWEC/MYS_Kota.Baharu.486150_IWEC.epw,https://energyplus.net/weather-download/southwest_pacific_wmo_region_5/MYS//MYS_Kota.Baharu.486150_IWEC/MYS_Kota.Baharu.486150_IWEC.stat,https://energyplus.net/weather-download/southwest_pacific_wmo_region_5/MYS//MYS_Kota.Baharu.486150_IWEC/all
https://energyplus.net/weather-download/southwest_pacific_wmo_region_5/MYS//MYS_Kuala.Lumpur.486470_IWEC/ASHRAE_Copyright_and_IWEC_License.txt,https://energyplus.net/weather-download/southwest_pacific_wmo_region_5/MYS//MYS_Kuala.Lumpur.486470_IWEC/MYS_Kuala.Lumpur.486470_IWEC.ddy,https://energyplus.net/weather-download/southwest_pacific_wmo_region_5/MYS//MYS_Kuala.Lumpur.486470_IWEC/MYS_Kuala.Lumpur.486470_IWEC.epw,https://energyplus.net/weather-download/southwest_pacific_wmo_region_5/MYS//MYS_Kuala.Lumpur.486470_IWEC/MYS_Kuala.Lumpur.486470_IWEC.stat,https://energyplus.net/weather-download/southwest_pacific_wmo_region_5/MYS//MYS_Kuala.Lumpur.486470_IWEC/all
https://energyplus.net/weather-download/southwest_pacific_wmo_region_5/MYS//MYS_Kuching.964130_IWEC/ASHRAE_Copyright_and_IWEC_License.txt,https://energyplus.net/weather-download/southwest_pacific_wmo_region_5/MYS//MYS_Kuching.964130_IWEC/MYS_Kuching.964130_IWEC.ddy,https://energyplus.net/weather-download/southwest_pacific_wmo_region_5/MYS//MYS_Kuching.964130_IWEC/MYS_Kuching.964130_IWEC.epw,https://energyplus.net/weather-download/southwest_pacific_wmo_region_5/MYS//MYS_Kuching.964130_IWEC/MYS_Kuching.964130_IWEC.stat,https://energyplus.net/weather-download/southwest_pacific_wmo_region_5/MYS//MYS_Kuching.964130_IWEC/all
https://energyplus.net/weather-download/southwest_pacific_wmo_region_5/NZL//NZL_Auckland-Auckland.AK.931190_NIWA/NZL_Auckland-Auckland.AK.931190_NIWA.ddy,https://energyplus.net/weather-download/southwest_pacific_wmo_region_5/NZL//NZL_Auckland-Auckland.AK.931190_NIWA/NZL_Auckland-Auckland.AK.931190_NIWA.epw,https://energyplus.net/weather-download/southwest_pacific_wmo_region_5/NZL//NZL_Auckland-Auckland.AK.931190_NIWA/NZL_Auckland-Auckland.AK.931190_NIWA.stat,https://energyplus.net/weather-download/southwest_pacific_wmo_region_5/NZL//NZL_Auckland-Auckland.AK.931190_NIWA/all
https://energyplus.net/weather-download/southwest_pacific_wmo_region_5/NZL//NZL_Auckland.Auckland.931190_IWEC/ASHRAE_Copyright_and_IWEC_License.txt,https://energyplus.net/weather-download/southwest_pacific_wmo_region_5/NZL//NZL_Auckland.Auckland.931190_IWEC/NZL_Auckland.Auckland.931190_IWEC.ddy,https://energyplus.net/weather-download/southwest_pacific_wmo_region_5/NZL//NZL_Auckland.Auckland.931190_IWEC/NZL_Auckland.Auckland.931190_IWEC.epw,https://energyplus.net/weather-download/southwest_pacific_wmo_region_5/NZL//NZL_Auckland.Auckland.931190_IWEC/NZL_Auckland.Auckland.931190_IWEC.stat,https://energyplus.net/weather-download/southwest_pacific_wmo_region_5/NZL//NZL_Auckland.Auckland.931190_IWEC/all
https://energyplus.net/weather-download/southwest_pacific_wmo_region_5/NZL//NZL_Bay.of.Plenty-Tauranga.BP.931850_NIWA/NZL_Bay.of.Plenty-Tauranga.BP.931850_NIWA.ddy,https://energyplus.net/weather-download/southwest_pacific_wmo_region_5/NZL//NZL_Bay.of.Plenty-Tauranga.BP.931850_NIWA/NZL_Bay.of.Plenty-Tauranga.BP.931850_NIWA.epw,https://energyplus.net/weather-download/southwest_pacific_wmo_region_5/NZL//NZL_Bay.of.Plenty-Tauranga.BP.931850_NIWA/NZL_Bay.of.Plenty-Tauranga.BP.931850_NIWA.stat,https://energyplus.net/weather-download/southwest_pacific_wmo_region_5/NZL//NZL_Bay.of.Plenty-Tauranga.BP.931850_NIWA/all
https://energyplus.net/weather-download/southwest_pacific_wmo_region_5/NZL//NZL_Canterbury-Christchurch.CC.937800_NIWA/NZL_Canterbury-Christchurch.CC.937800_NIWA.ddy,https://energyplus.net/weather-download/southwest_pacific_wmo_region_5/NZL//NZL_Canterbury-Christchurch.CC.937800_NIWA/NZL_Canterbury-Christchurch.CC.937800_NIWA.epw,https://energyplus.net/weather-download/southwest_pacific_wmo_region_5/NZL//NZL_Canterbury-Christchurch.CC.937800_NIWA/NZL_Canterbury-Christchurch.CC.937800_NIWA.stat,https://energyplus.net/weather-download/southwest_pacific_wmo_region_5/NZL//NZL_Canterbury-Christchurch.CC.937800_NIWA/all
https://energyplus.net/weather-download/southwest_pacific_wmo_region_5/NZL//NZL_Canterbury.Christchurch.937800_IWEC/ASHRAE_Copyright_and_IWEC_License.txt,https://energyplus.net/weather-download/southwest_pacific_wmo_region_5/NZL//NZL_Canterbury.Christchurch.937800_IWEC/NZL_Canterbury.Christchurch.937800_IWEC.ddy,https://energyplus.net/weather-download/southwest_pacific_wmo_region_5/NZL//NZL_Canterbury.Christchurch.937800_IWEC/NZL_Canterbury.Christchurch.937800_IWEC.epw,https://energyplus.net/weather-download/southwest_pacific_wmo_region_5/NZL//NZL_Canterbury.Christchurch.937800_IWEC/NZL_Canterbury.Christchurch.937800_IWEC.stat,https://energyplus.net/weather-download/southwest_pacific_wmo_region_5/NZL//NZL_Canterbury.Christchurch.937800_IWEC/all
https://energyplus.net/weather-download/southwest_pacific_wmo_region_5/NZL//NZL_Central.Otago-Lauder.OC.938510_NIWA/NZL_Central.Otago-Lauder.OC.938510_NIWA.ddy,https://energyplus.net/weather-download/southwest_pacific_wmo_region_5/NZL//NZL_Central.Otago-Lauder.OC.938510_NIWA/NZL_Central.Otago-Lauder.OC.938510_NIWA.epw,https://energyplus.net/weather-download/southwest_pacific_wmo_region_5/NZL//NZL_Central.Otago-Lauder.OC.938510_NIWA/NZL_Central.Otago-Lauder.OC.938510_NIWA.stat,https://energyplus.net/weather-download/southwest_pacific_wmo_region_5/NZL//NZL_Central.Otago-Lauder.OC.938510_NIWA/all
https://energyplus.net/weather-download/southwest_pacific_wmo_region_5/NZL//NZL_East.Coast-Napier.EC.933730_NIWA/NZL_East.Coast-Napier.EC.933730_NIWA.ddy,https://energyplus.net/weather-download/southwest_pacific_wmo_region_5/NZL//NZL_East.Coast-Napier.EC.933730_NIWA/NZL_East.Coast-Napier.EC.933730_NIWA.epw,https://energyplus.net/weather-download/southwest_pacific_wmo_region_5/NZL//NZL_East.Coast-Napier.EC.933730_NIWA/NZL_East.Coast-Napier.EC.933730_NIWA.stat,https://energyplus.net/weather-download/southwest_pacific_wmo_region_5/NZL//NZL_East.Coast-Napier.EC.933730_NIWA/all
https://energyplus.net/weather-download/southwest_pacific_wmo_region_5/NZL//NZL_Manawatu-Paraparaumu.MW.934200_NIWA/NZL_Manawatu-Paraparaumu.MW.934200_NIWA.ddy,https://energyplus.net/weather-download/southwest_pacific_wmo_region_5/NZL//NZL_Manawatu-Paraparaumu.MW.934200_NIWA/NZL_Manawatu-Paraparaumu.MW.934200_NIWA.epw,https://energyplus.net/weather-download/southwest_pacific_wmo_region_5/NZL//NZL_Manawatu-Paraparaumu.MW.934200_NIWA/NZL_Manawatu-Paraparaumu.MW.934200_NIWA.stat,https://energyplus.net/weather-download/southwest_pacific_wmo_region_5/NZL//NZL_Manawatu-Paraparaumu.MW.934200_NIWA/all
https://energyplus.net/weather-download/southwest_pacific_wmo_region_5/NZL//NZL_Nelson.Marlborough-Nelson.NM.935460_NIWA/NZL_Nelson.Marlborough-Nelson.NM.935460_NIWA.ddy,https://energyplus.net/weather-download/southwest_pacific_wmo_region_5/NZL//NZL_Nelson.Marlborough-Nelson.NM.935460_NIWA/NZL_Nelson.Marlborough-Nelson.NM.935460_NIWA.epw,https://energyplus.net/weather-download/southwest_pacific_wmo_region_5/NZL//NZL_Nelson.Marlborough-Nelson.NM.935460_NIWA/NZL_Nelson.Marlborough-Nelson.NM.935460_NIWA.stat,https://energyplus.net/weather-download/southwest_pacific_wmo_region_5/NZL//NZL_Nelson.Marlborough-Nelson.NM.935460_NIWA/all
https://energyplus.net/weather-download/southwest_pacific_wmo_region_5/NZL//NZL_Northland-Kaitaia.NL.930120_NIWA/NZL_Northland-Kaitaia.NL.930120_NIWA.ddy,https://energyplus.net/weather-download/southwest_pacific_wmo_region_5/NZL//NZL_Northland-Kaitaia.NL.930120_NIWA/NZL_Northland-Kaitaia.NL.930120_NIWA.epw,https://energyplus.net/weather-download/southwest_pacific_wmo_region_5/NZL//NZL_Northland-Kaitaia.NL.930120_NIWA/NZL_Northland-Kaitaia.NL.930120_NIWA.stat,https://energyplus.net/weather-download/southwest_pacific_wmo_region_5/NZL//NZL_Northland-Kaitaia.NL.930120_NIWA/all
https://energyplus.net/weather-download/southwest_pacific_wmo_region_5/NZL//NZL_Otago-Dunedin.DN.938910_NIWA/NZL_Otago-Dunedin.DN.938910_NIWA.ddy,https://energyplus.net/weather-download/southwest_pacific_wmo_region_5/NZL//NZL_Otago-Dunedin.DN.938910_NIWA/NZL_Otago-Dunedin.DN.938910_NIWA.epw,https://energyplus.net/weather-download/southwest_pacific_wmo_region_5/NZL//NZL_Otago-Dunedin.DN.938910_NIWA/NZL_Otago-Dunedin.DN.938910_NIWA.stat,https://energyplus.net/weather-download/southwest_pacific_wmo_region_5/NZL//NZL_Otago-Dunedin.DN.938910_NIWA/all
https://energyplus.net/weather-download/southwest_pacific_wmo_region_5/NZL//NZL_Queenstown.Lakes-Queenstown.QL.938310_NIWA/NZL_Queenstown.Lakes-Queenstown.QL.938310_NIWA.ddy,https://energyplus.net/weather-download/southwest_pacific_wmo_region_5/NZL//NZL_Queenstown.Lakes-Queenstown.QL.938310_NIWA/NZL_Queenstown.Lakes-Queenstown.QL.938310_NIWA.epw,https://energyplus.net/weather-download/southwest_pacific_wmo_region_5/NZL//NZL_Queenstown.Lakes-Queenstown.QL.938310_NIWA/NZL_Queenstown.Lakes-Queenstown.QL.938310_NIWA.stat,https://energyplus.net/weather-download/southwest_pacific_wmo_region_5/NZL//NZL_Queenstown.Lakes-Queenstown.QL.938310_NIWA/all
https://energyplus.net/weather-download/southwest_pacific_wmo_region_5/NZL//NZL_Rotorua-Rotorua.RR.932470_NIWA/NZL_Rotorua-Rotorua.RR.932470_NIWA.ddy,https://energyplus.net/weather-download/southwest_pacific_wmo_region_5/NZL//NZL_Rotorua-Rotorua.RR.932470_NIWA/NZL_Rotorua-Rotorua.RR.932470_NIWA.epw,https://energyplus.net/weather-download/southwest_pacific_wmo_region_5/NZL//NZL_Rotorua-Rotorua.RR.932470_NIWA/NZL_Rotorua-Rotorua.RR.932470_NIWA.stat,https://energyplus.net/weather-download/southwest_pacific_wmo_region_5/NZL//NZL_Rotorua-Rotorua.RR.932470_NIWA/all
https://energyplus.net/weather-download/southwest_pacific_wmo_region_5/NZL//NZL_Southland-Invercargill.IN.938450_NIWA/NZL_Southland-Invercargill.IN.938450_NIWA.ddy,https://energyplus.net/weather-download/southwest_pacific_wmo_region_5/NZL//NZL_Southland-Invercargill.IN.938450_NIWA/NZL_Southland-Invercargill.IN.938450_NIWA.epw,https://energyplus.net/weather-download/southwest_pacific_wmo_region_5/NZL//NZL_Southland-Invercargill.IN.938450_NIWA/NZL_Southland-Invercargill.IN.938450_NIWA.stat,https://energyplus.net/weather-download/southwest_pacific_wmo_region_5/NZL//NZL_Southland-Invercargill.IN.938450_NIWA/all
https://energyplus.net/weather-download/southwest_pacific_wmo_region_5/NZL//NZL_Taranaki-New.Plymouth.NP.933090_NIWA/NZL_Taranaki-New.Plymouth.NP.933090_NIWA.ddy,https://energyplus.net/weather-download/southwest_pacific_wmo_region_5/NZL//NZL_Taranaki-New.Plymouth.NP.933090_NIWA/NZL_Taranaki-New.Plymouth.NP.933090_NIWA.epw,https://energyplus.net/weather-download/southwest_pacific_wmo_region_5/NZL//NZL_Taranaki-New.Plymouth.NP.933090_NIWA/NZL_Taranaki-New.Plymouth.NP.933090_NIWA.stat,https://energyplus.net/weather-download/southwest_pacific_wmo_region_5/NZL//NZL_Taranaki-New.Plymouth.NP.933090_NIWA/all
https://energyplus.net/weather-download/southwest_pacific_wmo_region_5/NZL//NZL_Taupo.King.Country-Turangi.TP.932450_NIWA/NZL_Taupo.King.Country-Turangi.TP.932450_NIWA.ddy,https://energyplus.net/weather-download/southwest_pacific_wmo_region_5/NZL//NZL_Taupo.King.Country-Turangi.TP.932450_NIWA/NZL_Taupo.King.Country-Turangi.TP.932450_NIWA.epw,https://energyplus.net/weather-download/southwest_pacific_wmo_region_5/NZL//NZL_Taupo.King.Country-Turangi.TP.932450_NIWA/NZL_Taupo.King.Country-Turangi.TP.932450_NIWA.stat,https://energyplus.net/weather-download/southwest_pacific_wmo_region_5/NZL//NZL_Taupo.King.Country-Turangi.TP.932450_NIWA/all
https://energyplus.net/weather-download/southwest_pacific_wmo_region_5/NZL//NZL_Waikato-Hamilton.HN.931730_NIWA/NZL_Waikato-Hamilton.HN.931730_NIWA.ddy,https://energyplus.net/weather-download/southwest_pacific_wmo_region_5/NZL//NZL_Waikato-Hamilton.HN.931730_NIWA/NZL_Waikato-Hamilton.HN.931730_NIWA.epw,https://energyplus.net/weather-download/southwest_pacific_wmo_region_5/NZL//NZL_Waikato-Hamilton.HN.931730_NIWA/NZL_Waikato-Hamilton.HN.931730_NIWA.stat,https://energyplus.net/weather-download/southwest_pacific_wmo_region_5/NZL//NZL_Waikato-Hamilton.HN.931730_NIWA/all
https://energyplus.net/weather-download/southwest_pacific_wmo_region_5/NZL//NZL_Wairarapa-Masterton.WI.934710_NIWA/NZL_Wairarapa-Masterton.WI.934710_NIWA.ddy,https://energyplus.net/weather-download/southwest_pacific_wmo_region_5/NZL//NZL_Wairarapa-Masterton.WI.934710_NIWA/NZL_Wairarapa-Masterton.WI.934710_NIWA.epw,https://energyplus.net/weather-download/southwest_pacific_wmo_region_5/NZL//NZL_Wairarapa-Masterton.WI.934710_NIWA/NZL_Wairarapa-Masterton.WI.934710_NIWA.stat,https://energyplus.net/weather-download/southwest_pacific_wmo_region_5/NZL//NZL_Wairarapa-Masterton.WI.934710_NIWA/all
https://energyplus.net/weather-download/southwest_pacific_wmo_region_5/NZL//NZL_Wellington-Wellington.WN.934360_NIWA/NZL_Wellington-Wellington.WN.934360_NIWA.ddy,https://energyplus.net/weather-download/southwest_pacific_wmo_region_5/NZL//NZL_Wellington-Wellington.WN.934360_NIWA/NZL_Wellington-Wellington.WN.934360_NIWA.epw,https://energyplus.net/weather-download/southwest_pacific_wmo_region_5/NZL//NZL_Wellington-Wellington.WN.934360_NIWA/NZL_Wellington-Wellington.WN.934360_NIWA.stat,https://energyplus.net/weather-download/southwest_pacific_wmo_region_5/NZL//NZL_Wellington-Wellington.WN.934360_NIWA/all
https://energyplus.net/weather-download/southwest_pacific_wmo_region_5/NZL//NZL_Wellington.Wellington.934360_IWEC/ASHRAE_Copyright_and_IWEC_License.txt,https://energyplus.net/weather-download/southwest_pacific_wmo_region_5/NZL//NZL_Wellington.Wellington.934360_IWEC/NZL_Wellington.Wellington.934360_IWEC.ddy,https://energyplus.net/weather-download/southwest_pacific_wmo_region_5/NZL//NZL_Wellington.Wellington.934360_IWEC/NZL_Wellington.Wellington.934360_IWEC.epw,https://energyplus.net/weather-download/southwest_pacific_wmo_region_5/NZL//NZL_Wellington.Wellington.934360_IWEC/NZL_Wellington.Wellington.934360_IWEC.stat,https://energyplus.net/weather-download/southwest_pacific_wmo_region_5/NZL//NZL_Wellington.Wellington.934360_IWEC/all
https://energyplus.net/weather-download/southwest_pacific_wmo_region_5/NZL//NZL_West.Coast-Hokitika.WC.936150_NIWA/NZL_West.Coast-Hokitika.WC.936150_NIWA.ddy,https://energyplus.net/weather-download/southwest_pacific_wmo_region_5/NZL//NZL_West.Coast-Hokitika.WC.936150_NIWA/NZL_West.Coast-Hokitika.WC.936150_NIWA.epw,https://energyplus.net/weather-download/southwest_pacific_wmo_region_5/NZL//NZL_West.Coast-Hokitika.WC.936150_NIWA/NZL_West.Coast-Hokitika.WC.936150_NIWA.stat,https://energyplus.net/weather-download/southwest_pacific_wmo_region_5/NZL//NZL_West.Coast-Hokitika.WC.936150_NIWA/all
https://energyplus.net/weather-download/southwest_pacific_wmo_region_5/PHL//PHL_Manila.984290_IWEC/ASHRAE_Copyright_and_IWEC_License.txt,https://energyplus.net/weather-download/southwest_pacific_wmo_region_5/PHL//PHL_Manila.984290_IWEC/PHL_Manila.984290_IWEC.ddy,https://energyplus.net/weather-download/southwest_pacific_wmo_region_5/PHL//PHL_Manila.984290_IWEC/PHL_Manila.984290_IWEC.epw,https://energyplus.net/weather-download/southwest_pacific_wmo_region_5/PHL//PHL_Manila.984290_IWEC/PHL_Manila.984290_IWEC.stat,https://energyplus.net/weather-download/southwest_pacific_wmo_region_5/PHL//PHL_Manila.984290_IWEC/all
https://energyplus.net/weather-download/southwest_pacific_wmo_region_5/PLW//PLW_Koror.Island.914080_TMY/PLW_Koror.Island.914080_TMY.ddy,https://energyplus.net/weather-download/southwest_pacific_wmo_region_5/PLW//PLW_Koror.Island.914080_TMY/PLW_Koror.Island.914080_TMY.epw,https://energyplus.net/weather-download/southwest_pacific_wmo_region_5/PLW//PLW_Koror.Island.914080_TMY/PLW_Koror.Island.914080_TMY.stat,https://energyplus.net/weather-download/southwest_pacific_wmo_region_5/PLW//PLW_Koror.Island.914080_TMY/all
https://energyplus.net/weather-download/southwest_pacific_wmo_region_5/SGP//SGP_Singapore.486980_IWEC/ASHRAE_Copyright_and_IWEC_License.txt,https://energyplus.net/weather-download/southwest_pacific_wmo_region_5/SGP//SGP_Singapore.486980_IWEC/SGP_Singapore.486980_IWEC.ddy,https://energyplus.net/weather-download/southwest_pacific_wmo_region_5/SGP//SGP_Singapore.486980_IWEC/SGP_Singapore.486980_IWEC.epw,https://energyplus.net/weather-download/southwest_pacific_wmo_region_5/SGP//SGP_Singapore.486980_IWEC/SGP_Singapore.486980_IWEC.stat,https://energyplus.net/weather-download/southwest_pacific_wmo_region_5/SGP//SGP_Singapore.486980_IWEC/all
https://energyplus.net/weather-download/southwest_pacific_wmo_region_5/UMI//UMI_Wake.Island.912450_TMY/UMI_Wake.Island.912450_TMY.ddy,https://energyplus.net/weather-download/southwest_pacific_wmo_region_5/UMI//UMI_Wake.Island.912450_TMY/UMI_Wake.Island.912450_TMY.epw,https://energyplus.net/weather-download/southwest_pacific_wmo_region_5/UMI//UMI_Wake.Island.912450_TMY/UMI_Wake.Island.912450_TMY.stat,https://energyplus.net/weather-download/southwest_pacific_wmo_region_5/UMI//UMI_Wake.Island.912450_TMY/all
